{
 "radio://0/100/250K/E7E7E7E703": {
  "trajectory_id": 0,
  "trajectory": [
   [
    1.0,
    0.0,
    -2.960594732333751e-14,
    0.0,
    3.138230416273776e-14,
    9.999999999999979,
    -22.49999999999992,
    17.99999999999991,
    -4.999999999999973,
    0.0,
    2.842170943040401e-14,
    0.0,
    -2.4868995751603507e-14,
    -17.49999999999995,
    41.99999999999982,
    -34.99999999999982,
    9.999999999999947,
    0.0,
    0.0,
    0.0,
    0.0,
    0.0,
    0.0,
    0.0,
    0.0,
    0.0,
    0.0,
    0.0,
    0.0,
    0.0,
    0.0,
    0.0,
    0.0,
    0.0
   ],
   [
    1.0,
    0.5,
    0.4999999999999858,
    0.0,
    1.2434497875801753e-14,
    7.499999999999975,
    -19.499999999999915,
    16.999999999999915,
    -4.999999999999973,
    -0.5,
    -2.960594732333751e-14,
    0.0,
    3.138230416273776e-14,
    9.999999999999979,
    -22.49999999999992,
    17.99999999999991,
    -4.999999999999973,
    0.0,
    0.0,
    0.0,
    0.0,
    0.0,
    0.0,
    0.0,
    0.0,
    0.0,
    0.0,
    0.0,
    0.0,
    0.0,
    0.0,
    0.0,
    0.0,
    0.0
   ],
   [
    1.0,
    1.0,
    2.9605947323337504e-14,
    0.0,
    -3.1382304162737754e-14,
    -9.999999999999979,
    22.499999999999915,
    -17.999999999999915,
    4.999999999999973,
    0.0,
    0.4999999999999858,
    0.0,
    1.2434497875801753e-14,
    7.499999999999975,
    -19.49999999999991,
    16.99999999999991,
    -4.999999999999973,
    0.0,
    0.0,
    0.0,
    0.0,
    0.0,
    0.0,
    0.0,
    0.0,
    0.0,
    0.0,
    0.0,
    0.0,
    0.0,
    0.0,
    0.0,
    0.0,
    0.0
   ],
   [
    1.0,
    0.5,
    -0.4999999999999858,
    0.0,
    -1.2434497875801753e-14,
    -7.499999999999975,
    19.49999999999991,
    -16.99999999999991,
    4.999999999999973,
    0.5,
    2.960594732333751e-14,
    0.0,
    -3.138230416273776e-14,
    -9.999999999999979,
    22.49999999999992,
    -17.99999999999991,
    4.999999999999973,
    0.0,
    0.0,
    0.0,
    0.0,
    0.0,
    0.0,
    0.0,
    0.0,
    0.0,
    0.0,
    0.0,
    0.0,
    0.0,
    0.0,
    0.0,
    0.0,
    0.0
   ],
   [
    1.0,
    0.0,
    2.960594732333751e-14,
    0.0,
    -3.138230416273776e-14,
    -9.999999999999979,
    22.49999999999992,
    -17.99999999999991,
    4.999999999999973,
    0.0,
    -0.4999999999999858,
    0.0,
    -1.2434497875801753e-14,
    -7.499999999999975,
    19.49999999999991,
    -16.99999999999991,
    4.999999999999973,
    0.0,
    0.0,
    0.0,
    0.0,
    0.0,
    0.0,
    0.0,
    0.0,
    0.0,
    0.0,
    0.0,
    0.0,
    0.0,
    0.0,
    0.0,
    0.0,
    0.0
   ],
   [
    1.0,
    -0.5,
    -0.4999999999999858,
    0.0,
    -1.2434497875801753e-14,
    -7.499999999999975,
    19.499999999999915,
    -16.999999999999915,
    4.999999999999973,
    -0.5,
    -2.960594732333751e-14,
    0.0,
    3.138230416273776e-14,
    9.999999999999979,
    -22.49999999999992,
    17.99999999999991,
    -4.999999999999973,
    0.0,
    0.0,
    0.0,
    0.0,
    0.0,
    0.0,
    0.0,
    0.0,
    0.0,
    0.0,
    0.0,
    0.0,
    0.0,
    0.0,
    0.0,
    0.0,
    0.0
   ],
   [
    1.0,
    -1.0,
    -2.9605947323337504e-14,
    0.0,
    3.1382304162737754e-14,
    9.999999999999979,
    -22.499999999999915,
    17.999999999999915,
    -4.999999999999973,
    0.0,
    0.4999999999999858,
    0.0,
    1.2434497875801753e-14,
    7.499999999999975,
    -19.49999999999991,
    16.99999999999991,
    -4.999999999999973,
    0.0,
    0.0,
    0.0,
    0.0,
    0.0,
    0.0,
    0.0,
    0.0,
    0.0,
    0.0,
    0.0,
    0.0,
    0.0,
    0.0,
    0.0,
    0.0,
    0.0
   ],
   [
    1.0,
    -0.5,
    0.4999999999999858,
    0.0,
    1.2434497875801753e-14,
    7.499999999999975,
    -19.49999999999991,
    16.99999999999991,
    -4.999999999999973,
    0.5,
    2.842170943040401e-14,
    0.0,
    -2.4868995751603507e-14,
    -17.49999999999995,
    41.99999999999982,
    -34.99999999999982,
    9.999999999999947,
    0.0,
    0.0,
    0.0,
    0.0,
    0.0,
    0.0,
    0.0,
    0.0,
    0.0,
    0.0,
    0.0,
    0.0,
    0.0,
    0.0,
    0.0,
    0.0,
    0.0
   ]
  ],
  "duration": 1
 },
 "radio://0/100/250K/E7E7E7E705": {
  "trajectory_id": 1,